rsID	effectAllele	effectAlleleFrequency	weight
rs425277	T	0.2799	0.0279
rs9434723	A	0.1554	0.029
rs10779751	A	0.2816	0.0206
rs2284746	C	0.4752	-0.0399
rs12137162	A	0.2772	0.0191
rs212524	T	0.4042	-0.0206
rs1014987	C	0.748	-0.0196
rs2806561	A	0.567	0.0272
rs4601530	T	0.2614	-0.0253
rs926438	T	0.5386	0.0149
rs17163588	T	0.1766	0.0268
rs2219320	T	0.7551	0.0224
rs12119525	A	0.3608	0.0183
rs16834765	T	0.0628	0.0449
rs7544462	A	0.9142	0.0322
rs209918	A	0.7763	0.0228
rs6600365	T	0.5686	-0.0272
rs3014219	A	0.4645	-0.021
rs564914	A	0.6127	-0.0242
rs12855	T	0.0931	0.0378
rs17387330	A	0.3219	0.0172
rs6691924	T	0.8967	0.0318
rs2815379	A	0.2905	-0.0184
rs12731056	A	0.0269	0.1381
rs17391694	T	0.1227	0.0428
rs567401	T	0.1743	0.0247
rs2046158	T	0.1641	-0.0207
rs7551732	A	0.6084	0.0273
rs2811594	A	0.3672	-0.0241
rs17113369	T	0.9656	0.0734
rs7517682	A	0.5626	-0.0226
rs12120956	A	0.2294	-0.0247
rs1321666	T	0.5221	-0.0169
rs9428104	A	0.2468	-0.0428
rs1409156	A	0.6272	-0.0144
rs12144094	C	0.8436	0.0246
rs6658763	T	0.083	-0.0359
rs7534365	T	0.8133	-0.0473
rs3767627	T	0.8441	0.0362
rs956796	A	0.1043	-0.0222
rs2298265	T	0.1174	-0.0299
rs6688100	T	0.4793	0.0164
rs4656220	T	0.3891	0.0206
rs6694089	A	0.2792	0.0389
rs12125882	A	0.5686	-0.0273
rs2421992	T	0.7022	0.0243
rs17369123	T	0.1861	0.031
rs1325596	A	0.5663	0.0252
rs4652773	A	0.4649	0.0235
rs3814333	T	0.3234	0.0486
rs2275325	C	0.2811	0.0194
rs10863936	A	0.5296	-0.02
rs6540834	T	0.3428	-0.0272
rs1244981	A	0.8447	0.0251
rs10495098	T	0.4146	0.0193
rs991967	A	0.7173	-0.0344
rs12411277	A	0.3679	-0.0223
rs4428898	A	0.4642	-0.0231
rs1935157	C	0.7029	-0.0248
rs1544196	A	0.2272	-0.0186
rs6696239	A	0.187	-0.0376
rs11799609	T	0.1567	0.0259
rs17038954	T	0.0641	0.0443
rs10048625	T	0.1836	0.0265
rs3885668	T	0.5712	-0.0217
rs2345835	T	0.4626	-0.0181
rs13006748	C	0.2961	0.0225
rs7561273	A	0.4571	-0.0251
rs2278483	T	0.2351	0.0409
rs2289195	A	0.43	0.0382
rs10460566	A	0.7631	0.0067
rs780094	T	0.3864	-0.0206
rs7605699	C	0.1941	-0.0282
rs6714546	A	0.2792	-0.0301
rs6751657	T	0.4712	-0.0236
rs711245	A	0.3319	-0.0241
rs6544089	T	0.3882	0.0196
rs17511102	A	0.9101	-0.0528
rs12615742	T	0.4782	0.0263
rs13416119	A	0.9008	0.0285
rs9309101	A	0.6672	-0.0206
rs897080	T	0.7431	-0.0282
rs17032525	A	0.1309	0.0253
rs12474201	A	0.3557	0.0277
rs354196	A	0.4674	-0.0209
rs1367226	A	0.4307	-0.0048
rs3791679	A	0.7661	0.06
rs3791673	A	0.0438	-0.012
rs2120335	A	0.4058	-0.0186
rs7568069	A	0.5781	-0.0216
rs11684404	T	0.6613	-0.0316
rs11683207	T	0.8003	0.0228
rs13388725	A	0.5933	-0.0179
rs2166898	A	0.1627	-0.0266
rs7567288	T	0.7971	-0.0285
rs4953951	T	0.1022	-0.036
rs749234	A	0.3212	0.0174
rs540652	T	0.4583	0.0206
rs12987566	T	0.2652	0.0235
rs6746356	A	0.7522	0.0193
rs7567851	C	0.0824	0.0394
rs833152	A	0.5824	-0.0166
rs12693589	T	0.7536	-0.0221
rs6435143	A	0.439	0.019
rs4425077	C	0.5945	-0.0195
rs12329133	T	0.394	-0.0166
rs17181956	T	0.1286	-0.0279
rs994533	C	0.331	-0.0269
rs1864439	T	0.8897	0.027
rs992157	A	0.5675	0.0216
rs2305833	C	0.5766	0.0278
rs4674354	T	0.7666	0.0036
rs12470505	T	0.902	0.0475
rs16859517	T	0.0386	0.0667
rs12621643	T	0.2989	-0.0166
rs6761041	T	0.5523	0.0233
rs6733349	T	0.6572	0.0223
rs6754426	A	0.4459	-0.0273
rs4973429	T	0.3418	-0.0285
rs2679184	T	0.7656	0.0309
rs749052	T	0.9375	0.0666
rs11677466	A	0.9142	-0.0643
rs3116168	T	0.2687	-0.0388
rs2343240	T	0.9729	0.0778
rs13393800	A	0.2949	0.0274
rs4344931	A	0.2903	-0.0197
rs11687941	C	0.7524	0.025
rs2633761	A	0.5011	0.0164
rs13078528	A	0.9437	0.0452
rs2596831	C	0.4304	-0.0171
rs2597513	T	0.8943	-0.0394
rs11708412	A	0.2598	0.0194
rs9816693	C	0.1724	0.0314
rs3915129	T	0.5303	-0.016
rs13088462	T	0.9413	-0.0586
rs4256170	A	0.0109	0.1914
rs2240919	C	0.6579	0.0267
rs2581830	T	0.397	0.0306
rs2034172	A	0.3159	-0.0179
rs9835332	C	0.4596	-0.0282
rs1658351	T	0.6468	-0.0225
rs6794009	A	0.5621	-0.0161
rs17806888	T	0.8839	0.0338
rs2175513	A	0.5669	-0.0167
rs12330322	T	0.2179	-0.0343
rs7633464	A	0.4802	0.019
rs9825951	A	0.6492	-0.022
rs1797625	A	0.644	-0.019
rs1533269	A	0.3004	-0.0199
rs1546391	C	0.9291	-0.0392
rs6439168	A	0.2122	-0.0367
rs4974480	A	0.3173	-0.0263
rs6762606	T	0.289	-0.0011
rs9880211	A	0.2476	-0.0298
rs724016	A	0.5551	-0.0779
rs11714558	T	0.974	0.1344
rs936339	T	0.1866	0.0217
rs4325879	T	0.2674	-0.0207
rs6441170	T	0.6235	-0.0215
rs7652177	C	0.4897	-0.0384
rs509035	A	0.3164	0.031
rs9858528	A	0.7436	0.0221
rs16860216	A	0.2371	0.0009
rs720390	A	0.3834	0.0351
rs2300921	T	0.5817	-0.0178
rs4686904	T	0.6524	-0.0209
rs7646824	A	0.888	0.0263
rs9841435	A	0.6768	-0.0197
rs3958122	T	0.3518	0.0271
rs867245	C	0.9366	0.0412
rs11722554	A	0.0406	-0.0628
rs6446315	A	0.8328	-0.0283
rs868489	T	0.2162	-0.0205
rs6829680	A	0.4395	0.0173
rs2302580	T	0.4158	-0.0285
rs763318	A	0.4682	-0.021
rs4834927	A	0.6642	-0.0193
rs7692995	T	0.8479	0.0743
rs961014	A	0.4228	0.0004
rs16994718	T	0.1533	-0.025
rs2306596	A	0.5214	0.0194
rs1996422	A	0.7225	-0.022
rs13113518	T	0.6358	-0.0175
rs17081935	T	0.1954	0.0308
rs9993613	T	0.4726	0.0298
rs17556750	A	0.3139	0.0462
rs2167645	T	0.0397	0.1391
rs17499117	A	0.957	-0.1401
rs11731978	A	0.856	0.0232
rs6813055	A	0.4945	0.0165
rs12639764	T	0.62	0.0274
rs1562975	A	0.3005	0.0251
rs7659107	A	0.7737	-0.0241
rs6838153	A	0.6637	-0.0215
rs12513181	A	0.7366	-0.0196
rs11100790	T	0.7994	-0.0252
rs7654571	A	0.2265	0.022
rs6845999	T	0.4401	0.051
rs1812175	A	0.1627	-0.0787
rs17777628	A	0.0397	-0.0525
rs4240326	A	0.4644	0.0403
rs996743	A	0.9188	0.0633
rs13133465	C	0.9349	0.0452
rs13150868	T	0.4437	0.0169
rs955748	A	0.2448	-0.0276
rs17410035	T	0.3334	0.0192
rs7731703	T	0.3179	-0.0296
rs3811958	A	0.7368	-0.027
rs9292468	T	0.3985	0.0359
rs13183624	A	0.7561	0.0185
rs11745439	A	0.2827	-0.0261
rs1004202	C	0.615	-0.0156
rs301901	A	0.5651	0.0239
rs3812040	T	0.7213	0.024
rs17574650	A	0.886	-0.0382
rs2961830	A	0.3488	0.0197
rs7716219	T	0.3068	0.0302
rs2662027	T	0.1019	-0.0332
rs7727731	T	0.1061	0.0334
rs10059761	A	0.268	-0.0197
rs9291926	T	0.4918	0.0192
rs34651	T	0.9203	-0.0407
rs820848	A	0.707	-0.0206
rs12519505	T	0.2176	-0.0221
rs7712162	T	0.1853	0.0234
rs32855	A	0.7825	0.0235
rs6894139	T	0.5615	0.0304
rs2247870	A	0.5471	0.0159
rs12186664	A	0.6774	-0.021
rs6594336	T	0.4377	-0.0174
rs13177718	T	0.075	-0.0431
rs1582931	A	0.4752	-0.0279
rs6887276	C	0.5461	-0.0182
rs26024	A	0.6548	-0.0234
rs39623	A	0.0822	0.0342
rs7701414	A	0.5569	-0.0365
rs6596075	C	0.8374	-0.014
rs526896	T	0.7253	0.0355
rs9327705	A	0.2329	0.0198
rs165189	A	0.8504	-0.0294
rs4624820	A	0.5236	0.0179
rs2974438	A	0.2034	-0.0369
rs4620037	A	0.7962	0.0322
rs1529701	T	0.3032	-0.0206
rs33852	A	0.674	-0.0296
rs12153391	A	0.2555	-0.0333
rs4868126	T	0.3954	-0.0356
rs1368380	T	0.4364	0.0324
rs17075869	T	0.0828	0.027
rs7733195	A	0.3572	-0.0288
rs4868645	T	0.5086	-0.0136
rs422421	T	0.218	-0.0338
rs11950938	C	0.9712	-0.0608
rs12055154	A	0.9744	0.0593
rs11750568	A	0.3316	0.0201
rs6879260	T	0.3946	-0.0269
rs932445	T	0.587	0.0176
rs163071	C	0.9765	0.0607
rs4246079	A	0.121	-0.0378
rs17603945	A	0.2044	0.0296
rs9392918	T	0.5253	-0.0381
rs9328445	T	0.4576	-0.014
rs9405356	T	0.6126	0.0044
rs17330192	T	0.7241	-0.0188
rs1047014	T	0.7489	-0.0317
rs4141885	A	0.9184	0.0728
rs806794	A	0.7104	0.0598
rs1233627	T	0.5032	0.0238
rs9404952	A	0.4394	0.0177
rs1265097	A	0.1146	-0.059
rs6457374	T	0.7301	-0.0414
rs2857693	T	0.3803	-0.0337
rs3129254	A	0.5919	0.0175
rs12204421	A	0.7427	0.0265
rs3957165	T	0.8088	0.0215
rs12214804	T	0.9196	-0.0842
rs3800461	C	0.1287	0.0533
rs6919534	A	0.8688	0.0499
rs6899744	T	0.0163	-0.1316
rs4713902	T	0.726	0.0268
rs16895130	A	0.7227	-0.0227
rs1040941	A	0.4016	0.016
rs10948222	T	0.4176	-0.0311
rs9395264	T	0.3173	-0.0199
rs12190423	C	0.3779	-0.0166
rs12209223	A	0.1159	0.0505
rs6903448	T	0.1568	-0.0347
rs648831	T	0.5033	0.0314
rs1341278	T	0.9418	-0.0556
rs9443804	A	0.5636	-0.0235
rs310421	T	0.5372	0.0318
rs3828760	T	0.1226	0.0296
rs761391	T	0.54	-0.0193
rs314263	T	0.6758	-0.0427
rs479744	T	0.2129	-0.0247
rs6920372	A	0.4133	-0.0251
rs2145357	A	0.734	-0.0209
rs1405212	T	0.4068	-0.0231
rs389663	T	0.3217	0.0218
rs4895801	C	0.5337	-0.0174
rs1155939	A	0.4986	0.0418
rs1415701	A	0.2693	-0.0437
rs7740107	A	0.7372	-0.0421
rs6921207	A	0.3726	0.0228
rs7743622	C	0.4204	-0.0172
rs7745166	A	0.431	-0.0264
rs4896582	A	0.2988	-0.0509
rs6911389	T	0.3477	0.0147
rs2748483	A	0.5544	0.0185
rs6902771	T	0.4643	0.0311
rs3020418	A	0.2955	0.0323
rs11156098	T	0.1224	0.0266
rs1832871	A	0.3367	0.0245
rs9456307	A	0.0631	-0.0528
rs486359	C	0.4857	0.0158
rs991946	T	0.4808	-0.0209
rs2763273	T	0.2409	-0.0216
rs7774834	A	0.5113	0.0181
rs798497	A	0.6982	0.0569
rs4725061	A	0.5647	-0.0199
rs929637	T	0.2228	-0.0212
rs17140875	T	0.0543	-0.0428
rs2390151	T	0.1809	0.0333
rs3807931	A	0.4483	0.0267
rs7782764	A	0.1374	-0.0005
rs12538407	A	0.6019	0.0322
rs1055144	T	0.1929	0.0214
rs552707	T	0.3051	0.0458
rs12533079	T	0.7922	0.0217
rs6462432	A	0.394	0.0166
rs6974574	A	0.3132	-0.0303
rs1007358	A	0.7731	-0.0213
rs6949739	A	0.0949	-0.038
rs2715094	A	0.7502	-0.0209
rs1113765	A	0.1848	-0.0241
rs12669267	T	0.1303	-0.0286
rs17807185	A	0.6177	-0.0217
rs2888877	T	0.2207	0.0661
rs42039	T	0.2655	0.0683
rs2188177	T	0.4742	0.0145
rs6971575	C	0.2886	0.021
rs17250196	T	0.0652	0.0449
rs6952113	A	0.381	-0.0183
rs6962887	T	0.6765	0.0225
rs273945	A	0.4183	-0.0189
rs822531	T	0.7764	0.0355
rs6955948	T	0.2812	0.0311
rs4875421	A	0.5446	-0.0188
rs429433	A	0.0469	0.0459
rs7834383	T	0.355	0.0215
rs7823327	T	0.4848	0.019
rs4273857	A	0.2345	0.0267
rs17088184	C	0.8305	-0.0245
rs2013265	T	0.2538	-0.0275
rs3812423	C	0.3574	-0.0214
rs568610	T	0.241	0.022
rs6988484	T	0.746	-0.022
rs6999671	A	0.0351	0.0327
rs10958476	T	0.7861	-0.0506
rs9650315	T	0.1328	-0.0611
rs2956605	A	0.3794	0.0242
rs16939034	T	0.0861	0.0252
rs4735677	A	0.7164	-0.0369
rs7007200	C	0.3082	-0.017
rs2737220	T	0.377	0.0172
rs1550162	A	0.7126	-0.024
rs1599473	T	0.2472	-0.0266
rs10283100	A	0.0449	-0.0567
rs11779459	T	0.3504	0.0163
rs8180991	C	0.7668	0.0284
rs4733724	A	0.8016	0.0504
rs894343	A	0.2939	0.0121
rs1036821	A	0.2996	-0.0371
rs6577717	T	0.6691	0.0015
rs11783655	A	0.3948	-0.0183
rs7033940	C	0.1289	-0.0242
rs2149163	C	0.3993	0.0202
rs3927536	T	0.7767	0.021
rs10962832	A	0.8382	0.0243
rs1576900	A	0.3029	-0.019
rs3763631	C	0.693	0.0193
rs10972628	A	0.2576	-0.017
rs11144688	A	0.1077	-0.0633
rs958225	A	0.0456	0.046
rs7853235	T	0.2047	0.0288
rs181338	T	0.5143	0.0284
rs10780910	A	0.5729	-0.0267
rs1571892	A	0.7135	-0.0159
rs7043114	T	0.5602	-0.0285
rs1257763	A	0.0412	0.0782
rs12347744	T	0.0666	-0.0393
rs4448343	A	0.654	-0.0351
rs1329393	T	0.1572	0.0344
rs817300	A	0.0706	-0.0846
rs10990303	T	0.2277	0.0359
rs7870753	A	0.7768	-0.0425
rs953199	A	0.2368	-0.0185
rs989393	T	0.7084	0.0215
rs10820814	A	0.0967	-0.0272
rs9409082	T	0.244	-0.0275
rs902143	T	0.4522	0.0198
rs2451948	A	0.8364	-0.0219
rs7027110	A	0.2327	0.0319
rs3739707	A	0.2468	-0.024
rs999599	T	0.3749	0.0162
rs10759774	A	0.6558	0.0111
rs10119624	A	0.672	0.0236
rs12344396	C	0.6166	0.0185
rs7033487	T	0.7929	0.037
rs1742829	A	0.919	-0.0369
rs10817960	A	0.1607	0.0228
rs7466269	A	0.6444	0.0333
rs3132297	A	0.1703	-0.0233
rs7849585	T	0.3305	0.036
rs3812591	T	0.7274	-0.0238
rs4332428	A	0.8791	0.036
rs12779328	T	0.2845	-0.0281
rs4350272	A	0.2842	0.0198
rs7069985	A	0.7542	-0.023
rs10995319	T	0.7601	0.0189
rs1171615	T	0.7813	-0.0221
rs10997979	A	0.5006	-0.0213
rs4746769	T	0.8583	0.0287
rs1815314	A	0.4219	-0.0224
rs703985	A	0.5858	-0.0063
rs1923367	C	0.4798	-0.0299
rs2631676	A	0.8096	-0.0282
rs915506	A	0.3526	-0.0206
rs11599750	T	0.3851	-0.0229
rs10883563	A	0.5534	0.0227
rs7899004	T	0.5578	0.0245
rs6584575	A	0.1036	0.0335
rs11198820	C	0.1115	0.0249
rs291979	A	0.2294	0.029
rs1614303	T	0.8264	0.0224
rs7097701	T	0.5079	-0.0154
rs10794175	T	0.4286	0.0204
rs11245515	T	0.5631	0.0171
rs11244750	T	0.316	0.0182
rs2272566	A	0.4773	0.0164
rs2735469	A	0.1559	0.0286
rs4320932	T	0.8151	0.0288
rs17659078	A	0.2718	0.0209
rs2237886	T	0.1073	0.0427
rs6485978	T	0.5439	-0.0234
rs2099745	A	0.0815	-0.0362
rs10766065	T	0.7252	-0.0185
rs7126398	C	0.0778	0.041
rs2915404	T	0.3951	0.0139
rs757081	C	0.6582	-0.0242
rs10767838	A	0.7241	0.0253
rs3802758	A	0.9355	0.0394
rs1681630	T	0.3397	0.0285
rs1945237	T	0.9076	-0.0223
rs3782089	T	0.0631	-0.0534
rs7112925	T	0.3563	-0.0238
rs2510396	C	0.8588	0.0289
rs3750972	T	0.5171	-0.019
rs4357716	T	0.1359	0.0313
rs2509133	T	0.505	-0.0188
rs11236294	T	0.2923	0.0188
rs606452	A	0.1415	0.0429
rs632124	A	0.4241	0.0226
rs10790381	A	0.8234	0.027
rs1461503	A	0.4303	-0.0183
rs11221442	C	0.2488	-0.0267
rs11612228	T	0.3783	0.02
rs7299326	T	0.0515	-0.0413
rs2856321	A	0.639	-0.0306
rs1420023	C	0.8767	0.0282
rs12228415	A	0.5456	-0.0152
rs4326884	A	0.5056	0.0188
rs10770705	A	0.3381	0.0299
rs11047239	C	0.7039	-0.0233
rs1861908	C	0.2027	0.0229
rs10492364	T	0.2617	0.0166
rs11049611	T	0.3037	-0.0381
rs12820411	C	0.3201	-0.021
rs10843390	T	0.2926	0.0211
rs10880969	T	0.3025	-0.0238
rs2306694	A	0.927	-0.0458
rs10877030	T	0.676	0.0226
rs17122659	A	0.8849	-0.0307
rs2164968	T	0.6152	-0.0175
rs8756	A	0.5082	-0.0585
rs11175992	A	0.284	-0.0481
rs10748128	T	0.3524	0.0377
rs17783015	T	0.1572	-0.0229
rs11107062	T	0.2056	0.0279
rs3825199	A	0.7734	-0.0512
rs10859567	T	0.5625	0.0353
rs7971536	A	0.4629	-0.0285
rs833706	A	0.7543	0.0208
rs2164747	A	0.8963	-0.0287
rs2888893	T	0.4902	-0.0173
rs11616067	A	0.763	0.0205
rs4767473	A	0.8592	0.0245
rs497273	C	0.3769	0.0176
rs11835818	T	0.5119	-0.0216
rs7980687	A	0.2046	0.0394
rs11057552	A	0.1844	0.0277
rs1809889	T	0.2891	0.0319
rs1199734	T	0.1932	-0.0218
rs11618507	T	0.2455	0.0228
rs12323101	A	0.3728	0.0205
rs12863103	T	0.2881	-0.0194
rs6561319	A	0.6417	0.0209
rs12871822	T	0.658	-0.0169
rs7334755	T	0.1868	-0.0319
rs2687950	T	0.2537	0.0364
rs1753637	T	0.3106	0.0356
rs3118905	A	0.2814	-0.0578
rs4883972	C	0.5474	0.0186
rs3818416	A	0.2246	-0.0211
rs11616380	T	0.2799	0.0188
rs6563199	T	0.3523	0.0176
rs7319045	A	0.3915	0.0236
rs7985356	A	0.2307	-0.0227
rs17792664	C	0.8588	-0.0324
rs8017130	A	0.3125	-0.0233
rs1950500	T	0.296	0.031
rs12435366	T	0.2673	-0.0233
rs10131337	T	0.2394	0.0269
rs6571772	A	0.6987	0.0179
rs4901537	C	0.7403	-0.0224
rs8006657	A	0.4127	-0.0219
rs11624136	A	0.5046	0.0176
rs2093210	T	0.5812	-0.0389
rs2781373	A	0.3787	-0.0208
rs1980850	A	0.1694	-0.0301
rs2058092	T	0.5603	0.0172
rs862034	A	0.3605	-0.0279
rs10140101	T	0.4431	0.0136
rs7154721	T	0.573	0.027
rs1190545	C	0.7351	0.025
rs12882130	C	0.6274	0.0251
rs10152739	A	0.7537	-0.0219
rs316618	A	0.2188	-0.0259
rs1036477	A	0.8978	0.0319
rs10744956	A	0.2159	-0.0278
rs16964211	A	0.0507	-0.057
rs782930	A	0.3516	-0.0198
rs7177711	A	0.5392	0.0213
rs7162825	T	0.5012	0.0162
rs17264185	A	0.7348	-0.0203
rs731874	A	0.2785	0.0177
rs10152591	A	0.9038	0.0443
rs975210	A	0.1835	0.0348
rs11634405	A	0.3552	0.0195
rs12904334	A	0.0177	0.0843
rs4337252	C	0.4993	0.0264
rs5742915	T	0.5346	-0.035
rs16968242	C	0.9314	-0.035
rs12914466	A	0.6156	0.0174
rs17349981	A	0.8508	0.0249
rs2257011	T	0.4966	0.0435
rs7162542	C	0.4465	-0.0458
rs11855014	A	0.2938	-0.0217
rs1348002	C	0.3213	0.0169
rs11633371	T	0.4857	0.0282
rs16942341	T	0.0295	-0.1384
rs2280470	A	0.3332	0.0436
rs3817428	C	0.7189	0.0392
rs2238300	A	0.3962	-0.0211
rs8028843	T	0.6383	0.0157
rs7181724	A	0.5492	-0.0204
rs2871865	C	0.8818	0.0616
rs2573625	T	0.6717	0.0286
rs4246302	A	0.6829	-0.0272
rs4548838	T	0.4609	0.033
rs7170986	A	0.2419	-0.0187
rs8042424	T	0.2558	-0.0228
rs11648796	A	0.7486	-0.0332
rs12597498	T	0.3668	0.0175
rs26868	A	0.4659	0.029
rs2014467	T	0.6642	-0.0189
rs12926008	T	0.3153	-0.0203
rs1053996	T	0.5953	-0.0203
rs129963	T	0.4182	-0.0205
rs2531992	A	0.1509	-0.0271
rs960006	T	0.5336	-0.0204
rs1659127	A	0.3364	0.0297
rs2023693	A	0.402	-0.0165
rs11642612	A	0.6031	-0.0164
rs4785393	A	0.837	-0.0228
rs9929889	T	0.4131	-0.0171
rs8058684	A	0.3047	0.0208
rs1966913	A	0.9565	0.044
rs3790086	C	0.5578	0.0231
rs217181	T	0.1986	0.0238
rs11640018	T	0.6294	-0.0188
rs4243206	A	0.1894	0.0237
rs6420435	A	0.2149	0.0233
rs2326458	A	0.7508	-0.0219
rs4843367	T	0.3417	-0.0191
rs300039	T	0.2218	-0.0203
rs3748394	C	0.3914	-0.018
rs8052560	A	0.7907	0.036
rs2377058	A	0.6565	-0.0171
rs11861084	A	0.409	0.0088
rs870183	A	0.4656	-0.017
rs9217	T	0.6299	-0.0279
rs8073177	T	0.2249	-0.0186
rs1625895	T	0.1233	-0.0296
rs8067165	C	0.403	-0.0228
rs8069300	C	0.5324	-0.0158
rs4640244	A	0.6116	0.0254
rs3809790	T	0.4743	-0.016
rs9889755	T	0.1067	0.0031
rs3760318	A	0.3735	-0.0407
rs2028067	T	0.8255	-0.0313
rs2338115	T	0.5427	0.0227
rs584828	T	0.3987	-0.0254
rs3169906	C	0.8501	0.0167
rs9766	A	0.5393	0.0209
rs4986172	T	0.3455	-0.0344
rs199515	C	0.799	0.0161
rs8073371	T	0.2181	-0.0246
rs6504389	C	0.1587	0.0172
rs318095	T	0.4634	0.024
rs2072153	C	0.307	0.0259
rs4605213	C	0.337	0.0184
rs11867943	A	0.8757	-0.0268
rs227724	A	0.654	-0.0295
rs1401795	A	0.5082	0.0295
rs2079795	T	0.3278	0.0445
rs2378870	T	0.3718	0.0197
rs2044124	T	0.0562	0.045
rs2854207	C	0.7265	-0.0455
rs2070776	A	0.3463	-0.042
rs3923086	A	0.4025	-0.0235
rs2072268	A	0.4828	-0.0203
rs11867479	T	0.3469	0.0261
rs10083886	T	0.2612	0.0192
rs2117563	A	0.1709	-0.024
rs1552173	T	0.5399	-0.0181
rs1478610	A	0.3673	0.0254
rs4239020	T	0.6698	-0.0214
rs888403	A	0.6374	-0.0189
rs692964	A	0.5997	-0.019
rs14062	A	0.3305	-0.0179
rs4369779	T	0.2071	-0.0561
rs11661645	A	0.3089	0.0197
rs12454567	A	0.8894	0.0263
rs2337143	A	0.346	0.0182
rs12458127	T	0.0747	-0.0572
rs9967417	C	0.5707	-0.0404
rs11152213	A	0.7547	-0.025
rs8097893	A	0.946	0.0424
rs11659752	T	0.6968	0.0244
rs11880992	A	0.3976	0.033
rs2074977	A	0.6368	-0.0292
rs2123731	A	0.7268	0.0233
rs891088	A	0.7375	-0.0291
rs1346490	A	0.6105	0.018
rs4072910	C	0.4423	-0.032
rs6511689	T	0.693	0.018
rs8102380	A	0.6858	-0.0204
rs7259684	A	0.9257	-0.0354
rs8103068	T	0.8602	0.0311
rs10401193	A	0.8187	0.0282
rs8103992	A	0.198	0.0286
rs7253628	A	0.8359	-0.0239
rs4802134	A	0.2099	0.0265
rs4803468	A	0.4194	0.03
rs11880124	A	0.9135	0.0412
rs2682587	A	0.2049	0.0227
rs2059877	T	0.255	0.0186
rs7273787	A	0.6509	-0.0218
rs17721822	A	0.3724	-0.0346
rs1884897	A	0.3636	0.0443
rs6085662	C	0.345	0.0204
rs6080830	A	0.5565	0.0162
rs7261425	C	0.7109	0.0214
rs8117259	T	0.179	-0.023
rs6137287	T	0.3094	0.0201
rs1074683	C	0.7565	0.0443
rs1535466	A	0.7298	-0.0269
rs143384	A	0.5763	-0.0748
rs2425163	A	0.8204	-0.0579
rs4812586	A	0.8426	0.0302
rs2224538	T	0.6464	0.0174
rs17450430	A	0.7612	-0.0352
rs6020202	A	0.2244	-0.022
rs1326023	A	0.3009	0.0238
rs2057291	A	0.338	0.0202
rs3026499	A	0.3315	-0.0261
rs6061231	A	0.2781	-0.0209
rs2829941	T	0.609	0.0166
rs2834442	A	0.6438	0.0239
rs2211866	A	0.4071	0.0216
rs9977276	T	0.2217	-0.0223
rs2413143	T	0.1585	-0.0341
rs7284476	A	0.4321	0.0177
rs5757318	A	0.8524	-0.0288
rs738288	A	0.5335	-0.0195
rs11090631	T	0.196	0.0205
